page,query,clicks,impressions,ctr,position,startDate,endDate
https://sucesionescordoba.com.ar/oficina-procesos-sucesorios-cordoba/,oficina de procesos sucesorios cordoba,2,23,0.08695652173913043,3.0869565217391304,2026-08-25,2026-09-21
https://sucesionescordoba.com.ar/averiguar-bienes-persona-fallecida-cordoba/,cómo saber si tengo una herencia a mi nombre,1,1,1,2,2026-08-25,2026-09-21
https://sucesionescordoba.com.ar/como-hacer-testamento-cordoba/,dónde hacer un testamento,1,1,1,2,2026-08-25,2026-09-21
https://sucesionescordoba.com.ar/cuanto-cuesta-sucesion-cordoba/,cuanto cuesta una declaración de herederos,1,2,0.5,5,2026-08-25,2026-09-21
https://sucesionescordoba.com.ar/cuanto-cuesta-sucesion-cordoba/,cuánto cobra un abogado para hacer una sucesión,1,3,0.3333333333333333,6,2026-08-25,2026-09-21
https://sucesionescordoba.com.ar/declaratoria-de-herederos-cordoba/,córdoba,1,3,0.3333333333333333,3,2026-08-25,2026-09-21
https://sucesionescordoba.com.ar/declaratoria-de-herederos-cordoba/,declaracion de herederos,1,6,0.16666666666666666,6,2026-08-25,2026-09-21
https://sucesionescordoba.com.ar/declaratoria-de-herederos-cordoba/,declaratoria de herederos,1,204,0.004901960784313725,6.279411764705882,2026-08-25,2026-09-21
https://sucesionescordoba.com.ar/declaratoria-de-herederos-cordoba/,declaratoria de herederos cordoba,1,46,0.021739130434782608,1.2608695652173914,2026-08-25,2026-09-21
https://sucesionescordoba.com.ar/declaratoria-de-herederos-cordoba/,declaratoria de herencia,1,1,1,1,2026-08-25,2026-09-21
https://sucesionescordoba.com.ar/declaratoria-de-herederos-cordoba/,declaratoria herederos,1,2,0.5,2,2026-08-25,2026-09-21
https://sucesionescordoba.com.ar/declaratoria-de-herederos-cordoba/,si,1,2,0.5,4,2026-08-25,2026-09-21
https://sucesionescordoba.com.ar/despues-declaratoria-herederos/,después de la declaratoria de herederos que sigue,1,168,0.005952380952380952,8.678571428571429,2026-08-25,2026-09-21
https://sucesionescordoba.com.ar/en/probate-in-cordoba-argentina-from-abroad/,sampacho cordoba,1,1,1,3,2026-08-25,2026-09-21
https://sucesionescordoba.com.ar/oficina-procesos-sucesorios-cordoba/,ops cordoba,1,33,0.030303030303030304,4.03030303030303,2026-08-25,2026-09-21
https://sucesionescordoba.com.ar/particion-herencia-cordoba/,jurisprudencia de cordoba,1,1,1,7,2026-08-25,2026-09-21
https://sucesionescordoba.com.ar/particion-herencia-cordoba/,particion de herencia,1,3,0.3333333333333333,8.666666666666668,2026-08-25,2026-09-21
https://sucesionescordoba.com.ar/sucesion-cordoba-desde-otra-provincia/,en cordoba,1,1,1,2,2026-08-25,2026-09-21
https://sucesionescordoba.com.ar/sucesiones-cordoba/,en cordoba,1,1,1,4,2026-08-25,2026-09-21
https://sucesionescordoba.com.ar/sucesiones-cordoba/,tramite de sucesion,1,2,0.5,3,2026-08-25,2026-09-21
https://sucesionescordoba.com.ar/sucesiones-interior-cordoba/,en cordoba,1,1,1,5,2026-08-25,2026-09-21
https://sucesionescordoba.com.ar/sucesiones-quilino-cordoba/,jueces de paz cordoba,1,1,1,5,2026-08-25,2026-09-21
https://sucesionescordoba.com.ar/,abogada sucesiones,0,1,0,4,2026-08-25,2026-09-21
https://sucesionescordoba.com.ar/,abogado de herencias,0,1,0,7,2026-08-25,2026-09-21
https://sucesionescordoba.com.ar/,abogado experto en sucesiones,0,1,0,6,2026-08-25,2026-09-21
https://sucesionescordoba.com.ar/,abogado para herencias,0,1,0,1,2026-08-25,2026-09-21
https://sucesionescordoba.com.ar/,abogado para sucesiones,0,1,0,8,2026-08-25,2026-09-21
https://sucesionescordoba.com.ar/,abogado sucesiones,0,1,0,8,2026-08-25,2026-09-21
https://sucesionescordoba.com.ar/,abogados para sucesiones,0,2,0,6.5,2026-08-25,2026-09-21
https://sucesionescordoba.com.ar/,abogados sucesiones,0,2,0,1.5,2026-08-25,2026-09-21
https://sucesionescordoba.com.ar/,abogados sucesorios,0,2,0,7,2026-08-25,2026-09-21
https://sucesionescordoba.com.ar/,declaracion de herederos en cordoba,0,22,0,16.636363636363637,2026-08-25,2026-09-21
https://sucesionescordoba.com.ar/,declaratoria de herederos cordoba,0,2,0,43,2026-08-25,2026-09-21
https://sucesionescordoba.com.ar/,derecho de sucesiones cordoba,0,87,0,47.96551724137931,2026-08-25,2026-09-21
https://sucesionescordoba.com.ar/,estudio juridico sucesiones,0,1,0,10,2026-08-25,2026-09-21
https://sucesionescordoba.com.ar/,herencia cordoba,0,3,0,9.666666666666666,2026-08-25,2026-09-21
https://sucesionescordoba.com.ar/,herencias con testamento córdoba,0,45,0,58.75555555555555,2026-08-25,2026-09-21
https://sucesionescordoba.com.ar/,herencias cordoba,0,3,0,43,2026-08-25,2026-09-21
https://sucesionescordoba.com.ar/,herencias córdoba,0,62,0,74.08064516129032,2026-08-25,2026-09-21
https://sucesionescordoba.com.ar/,testamentos y herencias córdoba,0,38,0,76.1842105263158,2026-08-25,2026-09-21
https://sucesionescordoba.com.ar/,trámites herencia córdoba,0,21,0,48.857142857142854,2026-08-25,2026-09-21
https://sucesionescordoba.com.ar/abogado-sucesiones-cordoba/,abogado en sucesiones,0,1,0,5,2026-08-25,2026-09-21
https://sucesionescordoba.com.ar/abogado-sucesiones-cordoba/,abogados sucesión,0,1,0,5,2026-08-25,2026-09-21
https://sucesionescordoba.com.ar/averiguar-bienes-persona-fallecida-cordoba/,base de datos de herencias,0,1,0,2,2026-08-25,2026-09-21
https://sucesionescordoba.com.ar/averiguar-bienes-persona-fallecida-cordoba/,como saber el patrimonio de una persona,0,2,0,4,2026-08-25,2026-09-21
https://sucesionescordoba.com.ar/averiguar-bienes-persona-fallecida-cordoba/,cómo saber qué bienes tenía el causante,0,3,0,9.333333333333334,2026-08-25,2026-09-21
https://sucesionescordoba.com.ar/averiguar-bienes-persona-fallecida-cordoba/,herencia,0,1,0,3,2026-08-25,2026-09-21
https://sucesionescordoba.com.ar/cesion-derechos-hereditarios-cordoba/,cesión de derechos ante notario público,0,1,0,6,2026-08-25,2026-09-21
https://sucesionescordoba.com.ar/cesion-derechos-hereditarios-cordoba/,cordoba,0,1,0,4,2026-08-25,2026-09-21
https://sucesionescordoba.com.ar/cesion-derechos-hereditarios-cordoba/,cordoba inmuebles,0,1,0,3,2026-08-25,2026-09-21
https://sucesionescordoba.com.ar/cesion-derechos-hereditarios-cordoba/,costo cesion de derechos hereditarios,0,1,0,12,2026-08-25,2026-09-21
https://sucesionescordoba.com.ar/cesion-derechos-hereditarios-cordoba/,cuanto cuesta una cesion de derechos hereditarios,0,1,0,5,2026-08-25,2026-09-21
https://sucesionescordoba.com.ar/cesion-derechos-hereditarios-cordoba/,cuánto cuesta el trámite,0,1,0,1,2026-08-25,2026-09-21
https://sucesionescordoba.com.ar/cesion-derechos-hereditarios-cordoba/,código civil herencia córdoba,0,1,0,73,2026-08-25,2026-09-21
https://sucesionescordoba.com.ar/cesion-derechos-hereditarios-cordoba/,provincia de cordoba,0,1,0,2,2026-08-25,2026-09-21
https://sucesionescordoba.com.ar/como-hacer-testamento-cordoba/,como se escribe un testamento,0,1,0,42,2026-08-25,2026-09-21
https://sucesionescordoba.com.ar/como-hacer-testamento-cordoba/,cordoba,0,1,0,4,2026-08-25,2026-09-21
https://sucesionescordoba.com.ar/como-hacer-testamento-cordoba/,costo de testamento,0,1,0,1,2026-08-25,2026-09-21
https://sucesionescordoba.com.ar/como-hacer-testamento-cordoba/,cuanto cuesta hacer un testamento,0,2,0,4,2026-08-25,2026-09-21
https://sucesionescordoba.com.ar/como-hacer-testamento-cordoba/,cuanto cuesta hacer un testamento en cordoba,0,1,0,16,2026-08-25,2026-09-21
https://sucesionescordoba.com.ar/como-hacer-testamento-cordoba/,cuanto cuesta un testamento,0,1,0,1,2026-08-25,2026-09-21
https://sucesionescordoba.com.ar/como-hacer-testamento-cordoba/,cuánto cuesta cambiar un testamento,0,1,0,2,2026-08-25,2026-09-21
https://sucesionescordoba.com.ar/como-hacer-testamento-cordoba/,donde hacer un testamento,0,1,0,4,2026-08-25,2026-09-21
https://sucesionescordoba.com.ar/como-hacer-testamento-cordoba/,hacer testamento,0,1,0,7,2026-08-25,2026-09-21
https://sucesionescordoba.com.ar/como-hacer-testamento-cordoba/,redactar testamento,0,2,0,47,2026-08-25,2026-09-21
https://sucesionescordoba.com.ar/como-hacer-testamento-cordoba/,requisitos para hacer testamento de una casa,0,1,0,2,2026-08-25,2026-09-21
https://sucesionescordoba.com.ar/como-hacer-testamento-cordoba/,si,0,1,0,4,2026-08-25,2026-09-21
https://sucesionescordoba.com.ar/como-hacer-testamento-cordoba/,testamento holográfico córdoba,0,9,0,77.22222222222223,2026-08-25,2026-09-21
https://sucesionescordoba.com.ar/como-hacer-testamento-cordoba/,testamento mancomunado córdoba,0,7,0,85.57142857142857,2026-08-25,2026-09-21
https://sucesionescordoba.com.ar/como-hacer-testamento-cordoba/,testamento online córdoba,0,8,0,73,2026-08-25,2026-09-21
https://sucesionescordoba.com.ar/como-hacer-testamento-cordoba/,testamento por acto público,0,1,0,11,2026-08-25,2026-09-21
https://sucesionescordoba.com.ar/como-hacer-testamento-cordoba/,testamentos,0,1,0,11,2026-08-25,2026-09-21
https://sucesionescordoba.com.ar/como-se-reparte-herencia-cordoba/,herencia cordoba,0,2,0,5.5,2026-08-25,2026-09-21
https://sucesionescordoba.com.ar/como-se-reparte-herencia-cordoba/,herencia yacente córdoba,0,10,0,88.7,2026-08-25,2026-09-21
https://sucesionescordoba.com.ar/como-se-reparte-herencia-cordoba/,reparto herederos,0,1,0,3,2026-08-25,2026-09-21
https://sucesionescordoba.com.ar/contacto/,abogado de sucesión,0,1,0,1,2026-08-25,2026-09-21
https://sucesionescordoba.com.ar/contacto/,abogado para sucesiones,0,1,0,12,2026-08-25,2026-09-21
https://sucesionescordoba.com.ar/cuanto-cuesta-sucesion-cordoba/,cordoba,0,1,0,6,2026-08-25,2026-09-21
https://sucesionescordoba.com.ar/cuanto-cuesta-sucesion-cordoba/,cordoba capital,0,1,0,15,2026-08-25,2026-09-21
https://sucesionescordoba.com.ar/cuanto-cuesta-sucesion-cordoba/,costo de juicio sucesorio,0,1,0,9,2026-08-25,2026-09-21
https://sucesionescordoba.com.ar/cuanto-cuesta-sucesion-cordoba/,costo de una declaratoria de herederos,0,5,0,8,2026-08-25,2026-09-21
https://sucesionescordoba.com.ar/cuanto-cuesta-sucesion-cordoba/,costo de una sucesion,0,1,0,1,2026-08-25,2026-09-21
https://sucesionescordoba.com.ar/cuanto-cuesta-sucesion-cordoba/,costo de una sucesión,0,1,0,5,2026-08-25,2026-09-21
https://sucesionescordoba.com.ar/cuanto-cuesta-sucesion-cordoba/,costo sucesion,0,1,0,22,2026-08-25,2026-09-21
https://sucesionescordoba.com.ar/cuanto-cuesta-sucesion-cordoba/,cuanto cobra un abogado por hacer una sucesión,0,1,0,5,2026-08-25,2026-09-21
https://sucesionescordoba.com.ar/cuanto-cuesta-sucesion-cordoba/,cuanto cobra un abogado por una sucesion,0,3,0,25.666666666666668,2026-08-25,2026-09-21
https://sucesionescordoba.com.ar/cuanto-cuesta-sucesion-cordoba/,cuanto cobra un abogado por una sucesión,0,3,0,11.666666666666666,2026-08-25,2026-09-21
https://sucesionescordoba.com.ar/cuanto-cuesta-sucesion-cordoba/,cuanto cobra un abogado por una sucesión en notaría,0,1,0,2,2026-08-25,2026-09-21
https://sucesionescordoba.com.ar/cuanto-cuesta-sucesion-cordoba/,cuanto cobra una gestoria por tramitar una herencia,0,4,0,48.5,2026-08-25,2026-09-21
https://sucesionescordoba.com.ar/cuanto-cuesta-sucesion-cordoba/,cuanto cuesta hacer la sucesion de una casa,0,2,0,21.5,2026-08-25,2026-09-21
https://sucesionescordoba.com.ar/cuanto-cuesta-sucesion-cordoba/,cuanto cuesta hacer una declaratoria de herederos,0,5,0,8.2,2026-08-25,2026-09-21
https://sucesionescordoba.com.ar/cuanto-cuesta-sucesion-cordoba/,cuanto cuesta hacer una sucesion,0,2,0,20.5,2026-08-25,2026-09-21
https://sucesionescordoba.com.ar/cuanto-cuesta-sucesion-cordoba/,cuanto cuesta iniciar una sucesion,0,1,0,7,2026-08-25,2026-09-21
https://sucesionescordoba.com.ar/cuanto-cuesta-sucesion-cordoba/,cuanto cuesta la declaratoria de herederos,0,1,0,5,2026-08-25,2026-09-21
https://sucesionescordoba.com.ar/cuanto-cuesta-sucesion-cordoba/,cuanto cuesta un juicio sucesorio,0,1,0,10,2026-08-25,2026-09-21
https://sucesionescordoba.com.ar/cuanto-cuesta-sucesion-cordoba/,cuanto cuesta una declaratoria de herederos,0,2,0,9.5,2026-08-25,2026-09-21
https://sucesionescordoba.com.ar/cuanto-cuesta-sucesion-cordoba/,cuanto cuesta una declaratoria de herederos en córdoba,0,4,0,6.75,2026-08-25,2026-09-21
https://sucesionescordoba.com.ar/cuanto-cuesta-sucesion-cordoba/,cuanto cuesta una sucesion,0,2,0,18.5,2026-08-25,2026-09-21
https://sucesionescordoba.com.ar/cuanto-cuesta-sucesion-cordoba/,cuanto cuesta una sucesion de una propiedad,0,2,0,11.5,2026-08-25,2026-09-21
https://sucesionescordoba.com.ar/cuanto-cuesta-sucesion-cordoba/,cuanto cuesta una sucesión,0,2,0,22.5,2026-08-25,2026-09-21
https://sucesionescordoba.com.ar/cuanto-cuesta-sucesion-cordoba/,cuanto cuesta una sucesión de un auto,0,2,0,10,2026-08-25,2026-09-21
https://sucesionescordoba.com.ar/cuanto-cuesta-sucesion-cordoba/,cuanto cuesta una sucesión de una casa,0,9,0,8,2026-08-25,2026-09-21
https://sucesionescordoba.com.ar/cuanto-cuesta-sucesion-cordoba/,cuanto sale hacer una declaratoria de herederos,0,8,0,10.625,2026-08-25,2026-09-21
https://sucesionescordoba.com.ar/cuanto-cuesta-sucesion-cordoba/,cuanto sale hacer una sucesion,0,1,0,28,2026-08-25,2026-09-21
https://sucesionescordoba.com.ar/cuanto-cuesta-sucesion-cordoba/,cuanto sale hacer una sucesion de un inmueble,0,4,0,36,2026-08-25,2026-09-21
https://sucesionescordoba.com.ar/cuanto-cuesta-sucesion-cordoba/,cuanto sale hacer una sucesión,0,1,0,3,2026-08-25,2026-09-21
https://sucesionescordoba.com.ar/cuanto-cuesta-sucesion-cordoba/,cuanto sale la declaratoria de herederos,0,4,0,4.75,2026-08-25,2026-09-21
https://sucesionescordoba.com.ar/cuanto-cuesta-sucesion-cordoba/,cuanto sale la sucesion de un inmueble,0,1,0,10,2026-08-25,2026-09-21
https://sucesionescordoba.com.ar/cuanto-cuesta-sucesion-cordoba/,cuanto sale una declaratoria de herederos,0,2,0,15.5,2026-08-25,2026-09-21
https://sucesionescordoba.com.ar/cuanto-cuesta-sucesion-cordoba/,cuanto sale una declaratoria de herederos en cordoba,0,62,0,7.274193548387097,2026-08-25,2026-09-21
https://sucesionescordoba.com.ar/cuanto-cuesta-sucesion-cordoba/,cuanto sale una declaratoria de herederos en córdoba,0,23,0,7.695652173913044,2026-08-25,2026-09-21
https://sucesionescordoba.com.ar/cuanto-cuesta-sucesion-cordoba/,cuanto sale una sucesion,0,9,0,5.222222222222222,2026-08-25,2026-09-21
https://sucesionescordoba.com.ar/cuanto-cuesta-sucesion-cordoba/,cuanto sale una sucesion de auto,0,1,0,6,2026-08-25,2026-09-21
https://sucesionescordoba.com.ar/cuanto-cuesta-sucesion-cordoba/,cuanto sale una sucesion de casa,0,1,0,5,2026-08-25,2026-09-21
https://sucesionescordoba.com.ar/cuanto-cuesta-sucesion-cordoba/,cuanto sale una sucesión,0,1,0,6,2026-08-25,2026-09-21
https://sucesionescordoba.com.ar/cuanto-cuesta-sucesion-cordoba/,cuanto sale una sucesión de un auto,0,2,0,12.5,2026-08-25,2026-09-21
https://sucesionescordoba.com.ar/cuanto-cuesta-sucesion-cordoba/,cuanto sale una sucesión de una casa,0,3,0,29.333333333333332,2026-08-25,2026-09-21
https://sucesionescordoba.com.ar/cuanto-cuesta-sucesion-cordoba/,cuanto vale una declaratoria de herederos,0,2,0,6.5,2026-08-25,2026-09-21
https://sucesionescordoba.com.ar/cuanto-cuesta-sucesion-cordoba/,cuanto vale una sucesión,0,1,0,4,2026-08-25,2026-09-21
https://sucesionescordoba.com.ar/cuanto-cuesta-sucesion-cordoba/,cuantos jus sale una declaratoria de herederos,0,2,0,10,2026-08-25,2026-09-21
https://sucesionescordoba.com.ar/cuanto-cuesta-sucesion-cordoba/,cuál es el valor de una sucesión,0,1,0,7,2026-08-25,2026-09-21
https://sucesionescordoba.com.ar/cuanto-cuesta-sucesion-cordoba/,cuánto cuesta hacer una sucesión,0,3,0,5,2026-08-25,2026-09-21
https://sucesionescordoba.com.ar/cuanto-cuesta-sucesion-cordoba/,cuánto cuesta un juicio de sucesión,0,1,0,1,2026-08-25,2026-09-21
https://sucesionescordoba.com.ar/cuanto-cuesta-sucesion-cordoba/,cuánto cuesta una declaratoria de herederos,0,11,0,7.636363636363637,2026-08-25,2026-09-21
https://sucesionescordoba.com.ar/cuanto-cuesta-sucesion-cordoba/,cuánto cuesta una sucesión,0,1,0,28,2026-08-25,2026-09-21
https://sucesionescordoba.com.ar/cuanto-cuesta-sucesion-cordoba/,cuánto sale hacer una declaratoria de herederos,0,6,0,10,2026-08-25,2026-09-21
https://sucesionescordoba.com.ar/cuanto-cuesta-sucesion-cordoba/,cuánto sale hacer una sucesión de una propiedad,0,1,0,1,2026-08-25,2026-09-21
https://sucesionescordoba.com.ar/cuanto-cuesta-sucesion-cordoba/,cuánto sale una declaración de herederos,0,1,0,1,2026-08-25,2026-09-21
https://sucesionescordoba.com.ar/cuanto-cuesta-sucesion-cordoba/,cuánto sale una declaratoria de herederos,0,15,0,9.466666666666667,2026-08-25,2026-09-21
https://sucesionescordoba.com.ar/cuanto-cuesta-sucesion-cordoba/,cuánto sale una sucesión,0,5,0,6.8,2026-08-25,2026-09-21
https://sucesionescordoba.com.ar/cuanto-cuesta-sucesion-cordoba/,cuánto sale una sucesión de un vehículo,0,3,0,6.666666666666667,2026-08-25,2026-09-21
https://sucesionescordoba.com.ar/cuanto-cuesta-sucesion-cordoba/,cuánto sale una sucesión de una propiedad,0,1,0,8,2026-08-25,2026-09-21
https://sucesionescordoba.com.ar/cuanto-cuesta-sucesion-cordoba/,córdoba,0,1,0,3,2026-08-25,2026-09-21
https://sucesionescordoba.com.ar/cuanto-cuesta-sucesion-cordoba/,córdoba capital,0,1,0,2,2026-08-25,2026-09-21
https://sucesionescordoba.com.ar/cuanto-cuesta-sucesion-cordoba/,decime los montos,0,1,0,7,2026-08-25,2026-09-21
https://sucesionescordoba.com.ar/cuanto-cuesta-sucesion-cordoba/,declaracion de herederos cuanto cuesta,0,2,0,3.5,2026-08-25,2026-09-21
https://sucesionescordoba.com.ar/cuanto-cuesta-sucesion-cordoba/,declaratoria de herederos cordoba,0,1,0,3,2026-08-25,2026-09-21
https://sucesionescordoba.com.ar/cuanto-cuesta-sucesion-cordoba/,declaratoria de herederos precio,0,13,0,8.846153846153847,2026-08-25,2026-09-21
https://sucesionescordoba.com.ar/cuanto-cuesta-sucesion-cordoba/,en cordoba,0,1,0,4,2026-08-25,2026-09-21
https://sucesionescordoba.com.ar/cuanto-cuesta-sucesion-cordoba/,en cordoba capital,0,1,0,2,2026-08-25,2026-09-21
https://sucesionescordoba.com.ar/cuanto-cuesta-sucesion-cordoba/,es una sucesion,0,1,0,2,2026-08-25,2026-09-21
https://sucesionescordoba.com.ar/cuanto-cuesta-sucesion-cordoba/,honorarios declaratoria de herederos córdoba,0,3,0,10,2026-08-25,2026-09-21
https://sucesionescordoba.com.ar/cuanto-cuesta-sucesion-cordoba/,isla verde cordoba,0,1,0,3,2026-08-25,2026-09-21
https://sucesionescordoba.com.ar/cuanto-cuesta-sucesion-cordoba/,juicio sucesorio precio,0,1,0,1,2026-08-25,2026-09-21
https://sucesionescordoba.com.ar/cuanto-cuesta-sucesion-cordoba/,precio de declaratoria de herederos,0,4,0,6,2026-08-25,2026-09-21
https://sucesionescordoba.com.ar/cuanto-cuesta-sucesion-cordoba/,precio de una declaratoria de herederos,0,1,0,8,2026-08-25,2026-09-21
https://sucesionescordoba.com.ar/cuanto-cuesta-sucesion-cordoba/,precio de una sucesión,0,1,0,5,2026-08-25,2026-09-21
https://sucesionescordoba.com.ar/cuanto-cuesta-sucesion-cordoba/,precio de una sucesión de una casa,0,2,0,8.5,2026-08-25,2026-09-21
https://sucesionescordoba.com.ar/cuanto-cuesta-sucesion-cordoba/,precio declaratoria de herederos,0,3,0,10.333333333333334,2026-08-25,2026-09-21
https://sucesionescordoba.com.ar/cuanto-cuesta-sucesion-cordoba/,provincia de cordoba,0,1,0,3,2026-08-25,2026-09-21
https://sucesionescordoba.com.ar/cuanto-cuesta-sucesion-cordoba/,provincia de córdoba,0,1,0,2,2026-08-25,2026-09-21
https://sucesionescordoba.com.ar/cuanto-cuesta-sucesion-cordoba/,que costo tiene una declaratoria de herederos,0,5,0,11,2026-08-25,2026-09-21
https://sucesionescordoba.com.ar/cuanto-cuesta-sucesion-cordoba/,que precio tiene?,0,1,0,1,2026-08-25,2026-09-21
https://sucesionescordoba.com.ar/cuanto-cuesta-sucesion-cordoba/,si cuánto,0,1,0,2,2026-08-25,2026-09-21
https://sucesionescordoba.com.ar/cuanto-cuesta-sucesion-cordoba/,sucesion precio,0,2,0,4.5,2026-08-25,2026-09-21
https://sucesionescordoba.com.ar/cuanto-cuesta-sucesion-cordoba/,sucesión de un auto precio,0,1,0,2,2026-08-25,2026-09-21
https://sucesionescordoba.com.ar/cuanto-cuesta-sucesion-cordoba/,valor aproximado,0,1,0,6,2026-08-25,2026-09-21
https://sucesionescordoba.com.ar/cuanto-cuesta-sucesion-cordoba/#de-qu%C3%A9-se-compone-el-costo-total,cuanto sale una declaratoria de herederos en cordoba,0,3,0,10,2026-08-25,2026-09-21
https://sucesionescordoba.com.ar/cuanto-cuesta-sucesion-cordoba/#de-qu%C3%A9-se-compone-el-costo-total,cuanto sale una declaratoria de herederos en córdoba,0,3,0,11,2026-08-25,2026-09-21
https://sucesionescordoba.com.ar/cuanto-cuesta-sucesion-cordoba/#de-qu%C3%A9-se-compone-el-costo-total,cuánto sale hacer una declaratoria de herederos,0,1,0,11,2026-08-25,2026-09-21
https://sucesionescordoba.com.ar/cuanto-cuesta-sucesion-cordoba/#escenarios-frecuentes,cuanto sale una declaratoria de herederos en cordoba,0,3,0,10,2026-08-25,2026-09-21
https://sucesionescordoba.com.ar/cuanto-cuesta-sucesion-cordoba/#escenarios-frecuentes,cuanto sale una declaratoria de herederos en córdoba,0,3,0,11,2026-08-25,2026-09-21
https://sucesionescordoba.com.ar/cuanto-cuesta-sucesion-cordoba/#escenarios-frecuentes,cuánto sale hacer una declaratoria de herederos,0,1,0,11,2026-08-25,2026-09-21
https://sucesionescordoba.com.ar/cuanto-cuesta-sucesion-cordoba/#informaci%C3%B3n-m%C3%ADnima-para-solicitar-un-estimado,cuanto sale una declaratoria de herederos en cordoba,0,3,0,10,2026-08-25,2026-09-21
https://sucesionescordoba.com.ar/cuanto-cuesta-sucesion-cordoba/#informaci%C3%B3n-m%C3%ADnima-para-solicitar-un-estimado,cuanto sale una declaratoria de herederos en córdoba,0,3,0,11,2026-08-25,2026-09-21
https://sucesionescordoba.com.ar/cuanto-cuesta-sucesion-cordoba/#informaci%C3%B3n-m%C3%ADnima-para-solicitar-un-estimado,cuánto sale hacer una declaratoria de herederos,0,1,0,11,2026-08-25,2026-09-21
https://sucesionescordoba.com.ar/cuanto-cuesta-sucesion-cordoba/#no-existe-un-precio-%C3%BAnico-de-sucesi%C3%B3n,cuanto sale una declaratoria de herederos en cordoba,0,3,0,10,2026-08-25,2026-09-21
https://sucesionescordoba.com.ar/cuanto-cuesta-sucesion-cordoba/#no-existe-un-precio-%C3%BAnico-de-sucesi%C3%B3n,cuanto sale una declaratoria de herederos en córdoba,0,3,0,11,2026-08-25,2026-09-21
https://sucesionescordoba.com.ar/cuanto-cuesta-sucesion-cordoba/#no-existe-un-precio-%C3%BAnico-de-sucesi%C3%B3n,cuánto sale hacer una declaratoria de herederos,0,1,0,11,2026-08-25,2026-09-21
https://sucesionescordoba.com.ar/cuanto-cuesta-sucesion-cordoba/#qu%C3%A9-deber%C3%ADa-incluir-una-propuesta-clara,cuanto sale una declaratoria de herederos en cordoba,0,3,0,10,2026-08-25,2026-09-21
https://sucesionescordoba.com.ar/cuanto-cuesta-sucesion-cordoba/#qu%C3%A9-deber%C3%ADa-incluir-una-propuesta-clara,cuanto sale una declaratoria de herederos en córdoba,0,3,0,11,2026-08-25,2026-09-21
https://sucesionescordoba.com.ar/cuanto-cuesta-sucesion-cordoba/#qu%C3%A9-deber%C3%ADa-incluir-una-propuesta-clara,cuánto sale hacer una declaratoria de herederos,0,1,0,11,2026-08-25,2026-09-21
https://sucesionescordoba.com.ar/cuanto-cuesta-sucesion-cordoba/#qu%C3%A9-variables-modifican-el-presupuesto,cuanto sale una declaratoria de herederos en cordoba,0,3,0,10,2026-08-25,2026-09-21
https://sucesionescordoba.com.ar/cuanto-cuesta-sucesion-cordoba/#qu%C3%A9-variables-modifican-el-presupuesto,cuanto sale una declaratoria de herederos en córdoba,0,3,0,11,2026-08-25,2026-09-21
https://sucesionescordoba.com.ar/cuanto-cuesta-sucesion-cordoba/#qu%C3%A9-variables-modifican-el-presupuesto,cuánto sale hacer una declaratoria de herederos,0,1,0,11,2026-08-25,2026-09-21
https://sucesionescordoba.com.ar/cuanto-cuesta-sucestion-cordoba/,cuánto sale una declaratoria de herederos,0,1,0,1,2026-08-25,2026-09-21
https://sucesionescordoba.com.ar/cuanto-tarda-declaratoria-cordoba/,cuanto demora la declaratoria de herederos,0,1,0,11,2026-08-25,2026-09-21
https://sucesionescordoba.com.ar/cuanto-tarda-declaratoria-cordoba/,cuanto demora una declaratoria de herederos,0,22,0,3.727272727272727,2026-08-25,2026-09-21
https://sucesionescordoba.com.ar/cuanto-tarda-declaratoria-cordoba/,cuanto puede demorar,0,1,0,1,2026-08-25,2026-09-21
https://sucesionescordoba.com.ar/cuanto-tarda-declaratoria-cordoba/,cuanto suele demorar,0,1,0,1,2026-08-25,2026-09-21
https://sucesionescordoba.com.ar/cuanto-tarda-declaratoria-cordoba/,cuanto tarda en salir una declaratoria de herederos,0,3,0,7,2026-08-25,2026-09-21
https://sucesionescordoba.com.ar/cuanto-tarda-declaratoria-cordoba/,cuanto tarda la declaratoria de herederos,0,2,0,7.5,2026-08-25,2026-09-21
https://sucesionescordoba.com.ar/cuanto-tarda-declaratoria-cordoba/,cuanto tarda una declaratoria de herederos,0,8,0,5.125,2026-08-25,2026-09-21
https://sucesionescordoba.com.ar/cuanto-tarda-declaratoria-cordoba/,cuanto tiempo tarda una declaratoria de herederos,0,2,0,4,2026-08-25,2026-09-21
https://sucesionescordoba.com.ar/cuanto-tarda-declaratoria-cordoba/,cuánto tarda una declaratoria de herederos,0,4,0,6.5,2026-08-25,2026-09-21
https://sucesionescordoba.com.ar/cuanto-tarda-declaratoria-cordoba/,"córdoba, argentina",0,1,0,3,2026-08-25,2026-09-21
https://sucesionescordoba.com.ar/cuanto-tarda-declaratoria-cordoba/,declaratoria de herederos cuanto tarda,0,1,0,4,2026-08-25,2026-09-21
https://sucesionescordoba.com.ar/cuanto-tarda-declaratoria-cordoba/,en cba,0,1,0,3,2026-08-25,2026-09-21
https://sucesionescordoba.com.ar/cuanto-tarda-declaratoria-cordoba/,en cordoba,0,2,0,2.5,2026-08-25,2026-09-21
https://sucesionescordoba.com.ar/cuanto-tarda-declaratoria-cordoba/,en córdoba capital,0,1,0,4,2026-08-25,2026-09-21
https://sucesionescordoba.com.ar/cuenta-bancaria-persona-fallecida/,cuenta bancaria de un fallecido,0,3,0,8,2026-08-25,2026-09-21
https://sucesionescordoba.com.ar/cuenta-bancaria-persona-fallecida/,cuentas bancarias de un fallecido,0,1,0,8,2026-08-25,2026-09-21
https://sucesionescordoba.com.ar/cuenta-bancaria-persona-fallecida/,que pasa con un plazo fijo si muere el titular,0,3,0,5,2026-08-25,2026-09-21
https://sucesionescordoba.com.ar/cuenta-bancaria-persona-fallecida/,si tengo un plazo fijo y muere el titular,0,2,0,2.5,2026-08-25,2026-09-21
https://sucesionescordoba.com.ar/cuenta-bancaria-persona-fallecida/,soy cotitular de un plazo fijo y el titular fallece,0,1,0,3,2026-08-25,2026-09-21
https://sucesionescordoba.com.ar/declaratoria-de-herederos-cordoba/,655 cpc,0,1,0,2,2026-08-25,2026-09-21
https://sucesionescordoba.com.ar/declaratoria-de-herederos-cordoba/,"argentina, cordoba",0,1,0,4,2026-08-25,2026-09-21
https://sucesionescordoba.com.ar/declaratoria-de-herederos-cordoba/,artículos,0,1,0,3,2026-08-25,2026-09-21
https://sucesionescordoba.com.ar/declaratoria-de-herederos-cordoba/,auto de declaratoria de herederos,0,4,0,4.5,2026-08-25,2026-09-21
https://sucesionescordoba.com.ar/declaratoria-de-herederos-cordoba/,auto declaratoria de herederos,0,2,0,3,2026-08-25,2026-09-21
https://sucesionescordoba.com.ar/declaratoria-de-herederos-cordoba/,como buscar una declaratoria de herederos,0,7,0,10.571428571428571,2026-08-25,2026-09-21
https://sucesionescordoba.com.ar/declaratoria-de-herederos-cordoba/,como es una declaratoria de herederos,0,2,0,4.5,2026-08-25,2026-09-21
https://sucesionescordoba.com.ar/declaratoria-de-herederos-cordoba/,como hacer declaratoria de herederos,0,3,0,4,2026-08-25,2026-09-21
https://sucesionescordoba.com.ar/declaratoria-de-herederos-cordoba/,como hacer una declaratoria de herederos,0,6,0,6.5,2026-08-25,2026-09-21
https://sucesionescordoba.com.ar/declaratoria-de-herederos-cordoba/,como se hace la declaratoria de herederos,0,1,0,5,2026-08-25,2026-09-21
https://sucesionescordoba.com.ar/declaratoria-de-herederos-cordoba/,como se hace una declaratoria de herederos,0,7,0,8.142857142857142,2026-08-25,2026-09-21
https://sucesionescordoba.com.ar/declaratoria-de-herederos-cordoba/,convocatoria de herederos,0,3,0,6.333333333333333,2026-08-25,2026-09-21
https://sucesionescordoba.com.ar/declaratoria-de-herederos-cordoba/,cordoba,0,6,0,3,2026-08-25,2026-09-21
https://sucesionescordoba.com.ar/declaratoria-de-herederos-cordoba/,cordoba alta gracia,0,1,0,4,2026-08-25,2026-09-21
https://sucesionescordoba.com.ar/declaratoria-de-herederos-cordoba/,cordoba argentina,0,1,0,3,2026-08-25,2026-09-21
https://sucesionescordoba.com.ar/declaratoria-de-herederos-cordoba/,cordoba capital,0,1,0,2,2026-08-25,2026-09-21
https://sucesionescordoba.com.ar/declaratoria-de-herederos-cordoba/,"cordoba, argentina",0,1,0,2,2026-08-25,2026-09-21
https://sucesionescordoba.com.ar/declaratoria-de-herederos-cordoba/,cuanto cuesta una declaracion de herederos,0,1,0,3,2026-08-25,2026-09-21
https://sucesionescordoba.com.ar/declaratoria-de-herederos-cordoba/,cuanto demora la declaratoria de herederos,0,1,0,11,2026-08-25,2026-09-21
https://sucesionescordoba.com.ar/declaratoria-de-herederos-cordoba/,cuanto sale una declaratoria de herederos en cordoba,0,5,0,1,2026-08-25,2026-09-21
https://sucesionescordoba.com.ar/declaratoria-de-herederos-cordoba/,cómo hacer una declaración de herederos,0,1,0,10,2026-08-25,2026-09-21
https://sucesionescordoba.com.ar/declaratoria-de-herederos-cordoba/,cómo se hace una declaratoria de herederos,0,2,0,6,2026-08-25,2026-09-21
https://sucesionescordoba.com.ar/declaratoria-de-herederos-cordoba/,córdoba argentina,0,1,0,2,2026-08-25,2026-09-21
https://sucesionescordoba.com.ar/declaratoria-de-herederos-cordoba/,córdoba capital,0,2,0,3.5,2026-08-25,2026-09-21
https://sucesionescordoba.com.ar/declaratoria-de-herederos-cordoba/,declaracion de heredero,0,1,0,4,2026-08-25,2026-09-21
https://sucesionescordoba.com.ar/declaratoria-de-herederos-cordoba/,declaracion herederos,0,1,0,1,2026-08-25,2026-09-21
https://sucesionescordoba.com.ar/declaratoria-de-herederos-cordoba/,declaración de herederos,0,3,0,15.333333333333334,2026-08-25,2026-09-21
https://sucesionescordoba.com.ar/declaratoria-de-herederos-cordoba/,declaratoria,0,7,0,3.2857142857142856,2026-08-25,2026-09-21
https://sucesionescordoba.com.ar/declaratoria-de-herederos-cordoba/,declaratoria de heredero,0,3,0,7.666666666666667,2026-08-25,2026-09-21
https://sucesionescordoba.com.ar/declaratoria-de-herederos-cordoba/,declaratoria de herederos bolivia,0,1,0,3,2026-08-25,2026-09-21
https://sucesionescordoba.com.ar/declaratoria-de-herederos-cordoba/,declaratoria de herederos bolivia pdf,0,1,0,3,2026-08-25,2026-09-21
https://sucesionescordoba.com.ar/declaratoria-de-herederos-cordoba/,declaratoria de herederos como se hace,0,2,0,3.5,2026-08-25,2026-09-21
https://sucesionescordoba.com.ar/declaratoria-de-herederos-cordoba/,declaratoria de herederos en argentina,0,1,0,3,2026-08-25,2026-09-21
https://sucesionescordoba.com.ar/declaratoria-de-herederos-cordoba/,declaratoria de herederos es lo mismo que sucesion,0,3,0,6.333333333333333,2026-08-25,2026-09-21
https://sucesionescordoba.com.ar/declaratoria-de-herederos-cordoba/,declaratoria de herederos gratis,0,3,0,4.666666666666666,2026-08-25,2026-09-21
https://sucesionescordoba.com.ar/declaratoria-de-herederos-cordoba/,declaratoria de herederos que es,0,2,0,8.5,2026-08-25,2026-09-21
https://sucesionescordoba.com.ar/declaratoria-de-herederos-cordoba/,declaratoria de herederos requisitos,0,1,0,1,2026-08-25,2026-09-21
https://sucesionescordoba.com.ar/declaratoria-de-herederos-cordoba/,declaratoria de herederos santa fe,0,1,0,3,2026-08-25,2026-09-21
https://sucesionescordoba.com.ar/declaratoria-de-herederos-cordoba/,declaratorias de herederos,0,4,0,4,2026-08-25,2026-09-21
https://sucesionescordoba.com.ar/declaratoria-de-herederos-cordoba/,declaratorio de herederos,0,3,0,3.6666666666666665,2026-08-25,2026-09-21
https://sucesionescordoba.com.ar/declaratoria-de-herederos-cordoba/,documentacion para declaracion de herederos,0,1,0,3,2026-08-25,2026-09-21
https://sucesionescordoba.com.ar/declaratoria-de-herederos-cordoba/,donde se inscribe la declaratoria de herederos,0,1,0,48,2026-08-25,2026-09-21
https://sucesionescordoba.com.ar/declaratoria-de-herederos-cordoba/,edictos declaratoria de herederos boletín oficial córdoba,0,4,0,10.75,2026-08-25,2026-09-21
https://sucesionescordoba.com.ar/declaratoria-de-herederos-cordoba/,en cba,0,1,0,2,2026-08-25,2026-09-21
https://sucesionescordoba.com.ar/declaratoria-de-herederos-cordoba/,en cba capital,0,1,0,3,2026-08-25,2026-09-21
https://sucesionescordoba.com.ar/declaratoria-de-herederos-cordoba/,en cordoba,0,1,0,4,2026-08-25,2026-09-21
https://sucesionescordoba.com.ar/declaratoria-de-herederos-cordoba/,en córdoba,0,1,0,3,2026-08-25,2026-09-21
https://sucesionescordoba.com.ar/declaratoria-de-herederos-cordoba/,en córdoba capital argentina,0,1,0,4,2026-08-25,2026-09-21
https://sucesionescordoba.com.ar/declaratoria-de-herederos-cordoba/,en la ciudad de cordoba,0,1,0,4,2026-08-25,2026-09-21
https://sucesionescordoba.com.ar/declaratoria-de-herederos-cordoba/,en la provincia de cordoba,0,2,0,3.5,2026-08-25,2026-09-21
https://sucesionescordoba.com.ar/declaratoria-de-herederos-cordoba/,en la provincia de córdoba,0,1,0,2,2026-08-25,2026-09-21
https://sucesionescordoba.com.ar/declaratoria-de-herederos-cordoba/,es en cordoba,0,1,0,7,2026-08-25,2026-09-21
https://sucesionescordoba.com.ar/declaratoria-de-herederos-cordoba/,es en la provincia de cordoba,0,1,0,4,2026-08-25,2026-09-21
https://sucesionescordoba.com.ar/declaratoria-de-herederos-cordoba/,herencia yacente córdoba,0,10,0,86.9,2026-08-25,2026-09-21
https://sucesionescordoba.com.ar/declaratoria-de-herederos-cordoba/,honorarios declaratoria de herederos córdoba,0,4,0,1,2026-08-25,2026-09-21
https://sucesionescordoba.com.ar/declaratoria-de-herederos-cordoba/,la declaratoria,0,1,0,4,2026-08-25,2026-09-21
https://sucesionescordoba.com.ar/declaratoria-de-herederos-cordoba/,la declaratoria de herederos tiene vencimiento,0,2,0,34.5,2026-08-25,2026-09-21
https://sucesionescordoba.com.ar/declaratoria-de-herederos-cordoba/,no hay bienes,0,1,0,3,2026-08-25,2026-09-21
https://sucesionescordoba.com.ar/declaratoria-de-herederos-cordoba/,para que sirve la declaratoria de herederos,0,4,0,7.75,2026-08-25,2026-09-21
https://sucesionescordoba.com.ar/declaratoria-de-herederos-cordoba/,provincia de cordoba,0,1,0,3,2026-08-25,2026-09-21
https://sucesionescordoba.com.ar/declaratoria-de-herederos-cordoba/,que es declaratoria,0,1,0,1,2026-08-25,2026-09-21
https://sucesionescordoba.com.ar/declaratoria-de-herederos-cordoba/,que es declaratoria de herederos,0,1,0,6,2026-08-25,2026-09-21
https://sucesionescordoba.com.ar/declaratoria-de-herederos-cordoba/,que es la declaratoria de herederos,0,1,0,2,2026-08-25,2026-09-21
https://sucesionescordoba.com.ar/declaratoria-de-herederos-cordoba/,que es la declaratoria de herederos en una sucesion,0,1,0,39,2026-08-25,2026-09-21
https://sucesionescordoba.com.ar/declaratoria-de-herederos-cordoba/,que es una declaratoria de herederos,0,5,0,5.6,2026-08-25,2026-09-21
https://sucesionescordoba.com.ar/declaratoria-de-herederos-cordoba/,que es una declaratoria de herederos en argentina,0,2,0,7,2026-08-25,2026-09-21
https://sucesionescordoba.com.ar/declaratoria-de-herederos-cordoba/,que se necesita para una declaratoria de herederos,0,1,0,6,2026-08-25,2026-09-21
https://sucesionescordoba.com.ar/declaratoria-de-herederos-cordoba/,qué es la declaratoria de herederos,0,1,0,7,2026-08-25,2026-09-21
https://sucesionescordoba.com.ar/declaratoria-de-herederos-cordoba/,qué es una declaratoria de herederos,0,3,0,7.666666666666667,2026-08-25,2026-09-21
https://sucesionescordoba.com.ar/declaratoria-de-herederos-cordoba/,requisitos declaratoria de herederos,0,1,0,2,2026-08-25,2026-09-21
https://sucesionescordoba.com.ar/declaratoria-de-herederos-cordoba/,tracto abreviado cordoba,0,1,0,54,2026-08-25,2026-09-21
https://sucesionescordoba.com.ar/declaratoria-de-herederos-cordoba/#c%C3%B3rdoba-capital-vs-interior-qu%C3%A9-cambia-en-la-pr%C3%A1ctica,declaratoria de herederos cordoba,0,13,0,2,2026-08-25,2026-09-21
https://sucesionescordoba.com.ar/declaratoria-de-herederos-cordoba/#documentaci%C3%B3n-m%C3%ADnima-link-al-checklist,declaratoria de herederos cordoba,0,13,0,2,2026-08-25,2026-09-21
https://sucesionescordoba.com.ar/declaratoria-de-herederos-cordoba/#errores-comunes-que-traban-el-tr%C3%A1mite,declaratoria de herederos cordoba,0,13,0,2,2026-08-25,2026-09-21
https://sucesionescordoba.com.ar/declaratoria-de-herederos-cordoba/#paso-a-paso-del-tr%C3%A1mite-orientativo,declaratoria de herederos cordoba,0,13,0,2,2026-08-25,2026-09-21
https://sucesionescordoba.com.ar/declaratoria-de-herederos-cordoba/#qu%C3%A9-conviene-saber-al-empezar,declaratoria de herederos cordoba,0,13,0,2,2026-08-25,2026-09-21
https://sucesionescordoba.com.ar/declaratoria-de-herederos-cordoba/#qu%C3%A9-es-la-declaratoria-y-qu%C3%A9-no-es,declaratoria de herederos cordoba,0,13,0,2,2026-08-25,2026-09-21
https://sucesionescordoba.com.ar/despues-declaratoria-herederos/,como averiguar si una sucesión está iniciada,0,1,0,3,2026-08-25,2026-09-21
https://sucesionescordoba.com.ar/despues-declaratoria-herederos/,como buscar una declaratoria de herederos,0,1,0,28,2026-08-25,2026-09-21
https://sucesionescordoba.com.ar/despues-declaratoria-herederos/,cuanto dura un juicio sucesorio intestamentario,0,1,0,3,2026-08-25,2026-09-21
https://sucesionescordoba.com.ar/despues-declaratoria-herederos/,cuanto tarda una declaratoria de herederos,0,1,0,3,2026-08-25,2026-09-21
https://sucesionescordoba.com.ar/despues-declaratoria-herederos/,declaracion de herederos y aceptacion herencia,0,1,0,3,2026-08-25,2026-09-21
https://sucesionescordoba.com.ar/despues-declaratoria-herederos/,declaratoria de herederos,0,4,0,3,2026-08-25,2026-09-21
https://sucesionescordoba.com.ar/despues-declaratoria-herederos/,declaratoria de herederos argentina,0,1,0,3,2026-08-25,2026-09-21
https://sucesionescordoba.com.ar/despues-declaratoria-herederos/,declaratoria de herederos en argentina,0,1,0,3,2026-08-25,2026-09-21
https://sucesionescordoba.com.ar/despues-declaratoria-herederos/,despues de la adjudicacion que sigue,0,1,0,7,2026-08-25,2026-09-21
https://sucesionescordoba.com.ar/despues-declaratoria-herederos/,despues de la declaracion de herederos que sigue,0,7,0,6.571428571428571,2026-08-25,2026-09-21
https://sucesionescordoba.com.ar/despues-declaratoria-herederos/,después de la declaración de herederos que hay que hacer,0,1,0,14,2026-08-25,2026-09-21
https://sucesionescordoba.com.ar/despues-declaratoria-herederos/,después de la declaratoria de herederos que sigue argentina,0,26,0,9.076923076923077,2026-08-25,2026-09-21
https://sucesionescordoba.com.ar/despues-declaratoria-herederos/,después de la sucesión intestada que sigue,0,3,0,4.666666666666666,2026-08-25,2026-09-21
https://sucesionescordoba.com.ar/despues-declaratoria-herederos/,en una sucesion despues de la declaratoria de herederos que sigue,0,31,0,5.709677419354839,2026-08-25,2026-09-21
https://sucesionescordoba.com.ar/despues-declaratoria-herederos/,en una sucesión,0,1,0,3,2026-08-25,2026-09-21
https://sucesionescordoba.com.ar/despues-declaratoria-herederos/,estan deacuerdo,0,1,0,7,2026-08-25,2026-09-21
https://sucesionescordoba.com.ar/despues-declaratoria-herederos/,luego de la declaratoria de herederos que sigue,0,12,0,7,2026-08-25,2026-09-21
https://sucesionescordoba.com.ar/despues-declaratoria-herederos/,pasos de una sucesion,0,1,0,3,2026-08-25,2026-09-21
https://sucesionescordoba.com.ar/despues-declaratoria-herederos/,proceso sucesorio,0,1,0,2,2026-08-25,2026-09-21
https://sucesionescordoba.com.ar/despues-declaratoria-herederos/,que es una declaratoria de herederos,0,1,0,3,2026-08-25,2026-09-21
https://sucesionescordoba.com.ar/despues-declaratoria-herederos/,que sigue despues de la declaratoria de herederos,0,10,0,6.9,2026-08-25,2026-09-21
https://sucesionescordoba.com.ar/despues-declaratoria-herederos/,requisitos para inscribir una declaratoria de herederos en nicaragua,0,1,0,3,2026-08-25,2026-09-21
https://sucesionescordoba.com.ar/despues-declaratoria-herederos/,sucesion intestada y declaratoria de herederos es lo mismo,0,1,0,3,2026-08-25,2026-09-21
https://sucesionescordoba.com.ar/despues-declaratoria-herederos/,tracto abreviado sucesion,0,1,0,3,2026-08-25,2026-09-21
https://sucesionescordoba.com.ar/despues-declaratoria-herederos/,una vez que sale la declaratoria de herederos que se hace,0,3,0,6.333333333333333,2026-08-25,2026-09-21
https://sucesionescordoba.com.ar/documentacion-sucesion-cordoba/,acta de sucesion,0,1,0,1,2026-08-25,2026-09-21
https://sucesionescordoba.com.ar/documentacion-sucesion-cordoba/,cordoba capital,0,1,0,11,2026-08-25,2026-09-21
https://sucesionescordoba.com.ar/documentacion-sucesion-cordoba/,documentación para iniciar sucesión,0,13,0,22.384615384615383,2026-08-25,2026-09-21
https://sucesionescordoba.com.ar/en/probate-in-cordoba-argentina-from-abroad/,córdoba,0,1,0,4,2026-08-25,2026-09-21
https://sucesionescordoba.com.ar/en/probate-in-cordoba-argentina-from-abroad/,de chubut,0,1,0,4,2026-08-25,2026-09-21
https://sucesionescordoba.com.ar/en/probate-in-cordoba-argentina-from-abroad/,en la provincia de cordoba,0,1,0,3,2026-08-25,2026-09-21
https://sucesionescordoba.com.ar/en/probate-in-cordoba-argentina-from-abroad/,necesito un caso real,0,1,0,2,2026-08-25,2026-09-21
https://sucesionescordoba.com.ar/en/probate-in-cordoba-argentina-from-abroad/,para consulta,0,1,0,2,2026-08-25,2026-09-21
https://sucesionescordoba.com.ar/en/probate-in-cordoba-argentina-from-abroad/,sin abogado,0,1,0,4,2026-08-25,2026-09-21
https://sucesionescordoba.com.ar/en/probate-in-cordoba-argentina-from-abroad/,yo vivo en córdoba,0,1,0,2,2026-08-25,2026-09-21
https://sucesionescordoba.com.ar/heredero-no-quiere-vender/,en una herencia si uno no quiere vender,0,1,0,89,2026-08-25,2026-09-21
https://sucesionescordoba.com.ar/heredero-no-quiere-vender/,la propiedad del heredero,0,1,0,29,2026-08-25,2026-09-21
https://sucesionescordoba.com.ar/heredero-no-quiere-vender/,que hacer si un heredero no quiere vender,0,1,0,76,2026-08-25,2026-09-21
https://sucesionescordoba.com.ar/heredero-no-quiere-vender/,que pasa si un heredero no quiere vender,0,2,0,31,2026-08-25,2026-09-21
https://sucesionescordoba.com.ar/heredero-no-quiere-vender/,que pasa si un heredero quiere vender y otro no,0,1,0,8,2026-08-25,2026-09-21
https://sucesionescordoba.com.ar/heredero-no-quiere-vender/,que pasa si un hermano no quiere vender,0,1,0,27,2026-08-25,2026-09-21
https://sucesionescordoba.com.ar/heredero-no-quiere-vender/,quiero vender la propiedad y el otro dueño no quiere,0,3,0,24,2026-08-25,2026-09-21
https://sucesionescordoba.com.ar/heredero-no-quiere-vender/,si un heredero no quiere vender,0,1,0,59,2026-08-25,2026-09-21
https://sucesionescordoba.com.ar/heredero-no-quiere-vender/,si un heredero no quiere vender que pasa,0,1,0,72,2026-08-25,2026-09-21
https://sucesionescordoba.com.ar/heredero-no-quiere-vender/,si uno de los herederos no quiere vender,0,1,0,81,2026-08-25,2026-09-21
https://sucesionescordoba.com.ar/heredero-no-quiere-vender/,solución si un heredero no quiere vender,0,3,0,6.666666666666667,2026-08-25,2026-09-21
https://sucesionescordoba.com.ar/heredero-no-quiere-vender/,un heredero no quiere vender,0,2,0,50.5,2026-08-25,2026-09-21
https://sucesionescordoba.com.ar/herencia-yacente-cordoba/,herencia yacente córdoba,0,30,0,1.8333333333333335,2026-08-25,2026-09-21
https://sucesionescordoba.com.ar/hijo-no-reconocido-herencia/,como se le dice a un hijo no reconocido,0,1,0,10,2026-08-25,2026-09-21
https://sucesionescordoba.com.ar/hijo-no-reconocido-herencia/,cuando un hijo no tiene derecho a herencia,0,1,0,11,2026-08-25,2026-09-21
https://sucesionescordoba.com.ar/hijo-no-reconocido-herencia/,derechos de los hijos no reconocidos por el padre,0,1,0,11,2026-08-25,2026-09-21
https://sucesionescordoba.com.ar/hijo-no-reconocido-herencia/,hijo no reconocido,0,7,0,6.857142857142857,2026-08-25,2026-09-21
https://sucesionescordoba.com.ar/hijo-no-reconocido-herencia/,hijos fuera del matrimonio pueden reclamar herencia,0,1,0,9,2026-08-25,2026-09-21
https://sucesionescordoba.com.ar/hijo-no-reconocido-herencia/,hijos no reconocidos,0,2,0,6,2026-08-25,2026-09-21
https://sucesionescordoba.com.ar/hijo-no-reconocido-herencia/,los hijos no reconocidos tienen derecho a herencia,0,3,0,10.666666666666666,2026-08-25,2026-09-21
https://sucesionescordoba.com.ar/hijo-no-reconocido-herencia/,los hijos pueden reclamar herencia en vida,0,1,0,3,2026-08-25,2026-09-21
https://sucesionescordoba.com.ar/hijo-no-reconocido-herencia/,particion de herencia en cordoba,0,1,0,40,2026-08-25,2026-09-21
https://sucesionescordoba.com.ar/hijo-no-reconocido-herencia/,puede un hijo no reconocido reclamar herencia,0,5,0,8.2,2026-08-25,2026-09-21
https://sucesionescordoba.com.ar/hijo-no-reconocido-herencia/,si un hijo no es reconocido puede reclamar herencia,0,8,0,8.75,2026-08-25,2026-09-21
https://sucesionescordoba.com.ar/hijo-no-reconocido-herencia/,un hijo ilegítimo tiene derecho a herencia,0,1,0,6,2026-08-25,2026-09-21
https://sucesionescordoba.com.ar/hijo-no-reconocido-herencia/,un hijo no reconocido puede demandar alimentos,0,1,0,3,2026-08-25,2026-09-21
https://sucesionescordoba.com.ar/hijo-no-reconocido-herencia/,un hijo no reconocido puede reclamar herencia,0,18,0,7.666666666666667,2026-08-25,2026-09-21
https://sucesionescordoba.com.ar/oficina-procesos-sucesorios-cordoba/,coedoba,0,1,0,4,2026-08-25,2026-09-21
https://sucesionescordoba.com.ar/oficina-procesos-sucesorios-cordoba/,cordoba,0,2,0,7,2026-08-25,2026-09-21
https://sucesionescordoba.com.ar/oficina-procesos-sucesorios-cordoba/,cordoba capital,0,1,0,2,2026-08-25,2026-09-21
https://sucesionescordoba.com.ar/oficina-procesos-sucesorios-cordoba/,cual es el inter,0,1,0,4,2026-08-25,2026-09-21
https://sucesionescordoba.com.ar/oficina-procesos-sucesorios-cordoba/,córdoba,0,1,0,2,2026-08-25,2026-09-21
https://sucesionescordoba.com.ar/oficina-procesos-sucesorios-cordoba/,córdoba capital,0,1,0,2,2026-08-25,2026-09-21
https://sucesionescordoba.com.ar/oficina-procesos-sucesorios-cordoba/,domicilio,0,1,0,2,2026-08-25,2026-09-21
https://sucesionescordoba.com.ar/oficina-procesos-sucesorios-cordoba/,dónde está,0,1,0,6,2026-08-25,2026-09-21
https://sucesionescordoba.com.ar/oficina-procesos-sucesorios-cordoba/,en cordoba,0,1,0,6,2026-08-25,2026-09-21
https://sucesionescordoba.com.ar/oficina-procesos-sucesorios-cordoba/,en que juzgado se tramitan las sucesiones,0,1,0,5,2026-08-25,2026-09-21
https://sucesionescordoba.com.ar/oficina-procesos-sucesorios-cordoba/,es para cordoba,0,1,0,6,2026-08-25,2026-09-21
https://sucesionescordoba.com.ar/oficina-procesos-sucesorios-cordoba/,expediente sucesorio,0,1,0,6,2026-08-25,2026-09-21
https://sucesionescordoba.com.ar/oficina-procesos-sucesorios-cordoba/,la falda,0,1,0,4,2026-08-25,2026-09-21
https://sucesionescordoba.com.ar/oficina-procesos-sucesorios-cordoba/,no lo se,0,1,0,2,2026-08-25,2026-09-21
https://sucesionescordoba.com.ar/oficina-procesos-sucesorios-cordoba/,numero para llamar,0,1,0,3,2026-08-25,2026-09-21
https://sucesionescordoba.com.ar/oficina-procesos-sucesorios-cordoba/,oficina de procesos sucesorios,0,5,0,5.4,2026-08-25,2026-09-21
https://sucesionescordoba.com.ar/oficina-procesos-sucesorios-cordoba/,ops,0,1,0,6,2026-08-25,2026-09-21
https://sucesionescordoba.com.ar/oficina-procesos-sucesorios-cordoba/,ops justicia cordoba,0,18,0,5.555555555555555,2026-08-25,2026-09-21
https://sucesionescordoba.com.ar/oficina-procesos-sucesorios-cordoba/,particular,0,1,0,9,2026-08-25,2026-09-21
https://sucesionescordoba.com.ar/oficina-procesos-sucesorios-cordoba/,provincia de córdoba,0,1,0,9,2026-08-25,2026-09-21
https://sucesionescordoba.com.ar/oficina-procesos-sucesorios-cordoba/,que debo hacer,0,1,0,1,2026-08-25,2026-09-21
https://sucesionescordoba.com.ar/oficina-procesos-sucesorios-cordoba/,secretaria,0,1,0,4,2026-08-25,2026-09-21
https://sucesionescordoba.com.ar/oficina-procesos-sucesorios-cordoba/,villa dolores cordoba,0,1,0,4,2026-08-25,2026-09-21
https://sucesionescordoba.com.ar/particion-herencia-cordoba/,"cordoba, argentina",0,1,0,2,2026-08-25,2026-09-21
https://sucesionescordoba.com.ar/particion-herencia-cordoba/,indivisión hereditaria,0,1,0,21,2026-08-25,2026-09-21
https://sucesionescordoba.com.ar/particion-herencia-cordoba/,particion judicial,0,1,0,21,2026-08-25,2026-09-21
https://sucesionescordoba.com.ar/particion-herencia-cordoba/,particion parcial de herencia,0,1,0,10,2026-08-25,2026-09-21
https://sucesionescordoba.com.ar/particion-herencia-cordoba/,partición de herencia entre hermanos,0,6,0,10.333333333333334,2026-08-25,2026-09-21
https://sucesionescordoba.com.ar/partidas-para-sucesion-cordoba/,certificado de defuncion cordoba,0,1,0,13,2026-08-25,2026-09-21
https://sucesionescordoba.com.ar/partidas-para-sucesion-cordoba/,como sacar la partida de defunción,0,1,0,10,2026-08-25,2026-09-21
https://sucesionescordoba.com.ar/partidas-para-sucesion-cordoba/,como sacar una partida de defuncion,0,1,0,10,2026-08-25,2026-09-21
https://sucesionescordoba.com.ar/partidas-para-sucesion-cordoba/,como sacar una partida de defunción,0,3,0,8.333333333333332,2026-08-25,2026-09-21
https://sucesionescordoba.com.ar/partidas-para-sucesion-cordoba/,como solicitar una partida de defuncion,0,2,0,8,2026-08-25,2026-09-21
https://sucesionescordoba.com.ar/partidas-para-sucesion-cordoba/,numero de acta de defuncion,0,1,0,11,2026-08-25,2026-09-21
https://sucesionescordoba.com.ar/partidas-para-sucesion-cordoba/,partida de defuncion,0,4,0,7,2026-08-25,2026-09-21
https://sucesionescordoba.com.ar/partidas-para-sucesion-cordoba/,partida de defuncion cordoba,0,4,0,11,2026-08-25,2026-09-21
https://sucesionescordoba.com.ar/partidas-para-sucesion-cordoba/,partida de defunción,0,10,0,8.2,2026-08-25,2026-09-21
https://sucesionescordoba.com.ar/partidas-para-sucesion-cordoba/,partida de fallecimiento,0,2,0,4.5,2026-08-25,2026-09-21
https://sucesionescordoba.com.ar/partidas-para-sucesion-cordoba/,partidas,0,1,0,9,2026-08-25,2026-09-21
https://sucesionescordoba.com.ar/partidas-para-sucesion-cordoba/,registro civil partida de defuncion,0,1,0,9,2026-08-25,2026-09-21
https://sucesionescordoba.com.ar/partidas-para-sucesion-cordoba/,solicitar partidas de defuncion,0,1,0,9,2026-08-25,2026-09-21
https://sucesionescordoba.com.ar/partidas-para-sucesion-cordoba/,solicitud de partida de defunción,0,1,0,10,2026-08-25,2026-09-21
https://sucesionescordoba.com.ar/puede-un-heredero-iniciar-sucesion/,código civil herencia córdoba,0,2,0,14.5,2026-08-25,2026-09-21
https://sucesionescordoba.com.ar/puede-un-heredero-iniciar-sucesion/,puede un heredero,0,6,0,10,2026-08-25,2026-09-21
https://sucesionescordoba.com.ar/puede-un-heredero-iniciar-sucesion/,puede un solo heredero iniciar la sucesion,0,3,0,21,2026-08-25,2026-09-21
https://sucesionescordoba.com.ar/puede-un-heredero-iniciar-sucesion/,puede un solo heredero iniciar la sucesión,0,32,0,9.0625,2026-08-25,2026-09-21
https://sucesionescordoba.com.ar/sobre-nosotros/,abogado de sucesiones,0,1,0,5,2026-08-25,2026-09-21
https://sucesionescordoba.com.ar/sobre-nosotros/,abogado sucesiones,0,3,0,7,2026-08-25,2026-09-21
https://sucesionescordoba.com.ar/sobre-nosotros/,estudio juridico sucesiones,0,7,0,63.142857142857146,2026-08-25,2026-09-21
https://sucesionescordoba.com.ar/sobre-nosotros/,jorge visconti,0,1,0,13,2026-08-25,2026-09-21
https://sucesionescordoba.com.ar/sobre-nosotros/,pablo arias abogado,0,1,0,2,2026-08-25,2026-09-21
https://sucesionescordoba.com.ar/sobre-nosotros/,sucesiones abogados,0,1,0,12,2026-08-25,2026-09-21
https://sucesionescordoba.com.ar/sucesion-auto-cordoba/,cuales son los costos?,0,1,0,2,2026-08-25,2026-09-21
https://sucesionescordoba.com.ar/sucesion-auto-cordoba/,cuanto sale una sucesión de un auto,0,1,0,60,2026-08-25,2026-09-21
https://sucesionescordoba.com.ar/sucesion-auto-cordoba/,cuanto vale una sucesion de un auto,0,2,0,10,2026-08-25,2026-09-21
https://sucesionescordoba.com.ar/sucesion-auto-cordoba/,isla verde cordoba,0,1,0,2,2026-08-25,2026-09-21
https://sucesionescordoba.com.ar/sucesion-auto-cordoba/,morteros córdoba,0,1,0,3,2026-08-25,2026-09-21
https://sucesionescordoba.com.ar/sucesion-auto-cordoba/,sucesión de un auto,0,3,0,3.6666666666666665,2026-08-25,2026-09-21
https://sucesionescordoba.com.ar/sucesion-auto-cordoba/,sucesión de un auto precio,0,1,0,7,2026-08-25,2026-09-21
https://sucesionescordoba.com.ar/sucesion-casa-cordoba/,casa herencia,0,1,0,6,2026-08-25,2026-09-21
https://sucesionescordoba.com.ar/sucesion-casa-cordoba/,es una casa,0,1,0,2,2026-08-25,2026-09-21
https://sucesionescordoba.com.ar/sucesion-casa-cordoba/,que es una sucesión de una casa,0,1,0,11,2026-08-25,2026-09-21
https://sucesionescordoba.com.ar/sucesion-casa-cordoba/,sucesión de una casa,0,1,0,8,2026-08-25,2026-09-21
https://sucesionescordoba.com.ar/sucesion-con-testamento-cordoba/,córdoba argentina,0,1,0,3,2026-08-25,2026-09-21
https://sucesionescordoba.com.ar/sucesion-con-testamento-cordoba/,en la provincia de córdoba,0,1,0,3,2026-08-25,2026-09-21
https://sucesionescordoba.com.ar/sucesion-con-testamento-cordoba/,hay acuerdo,0,1,0,2,2026-08-25,2026-09-21
https://sucesionescordoba.com.ar/sucesion-con-testamento-cordoba/,impugnar testamento córdoba,0,1,0,75,2026-08-25,2026-09-21
https://sucesionescordoba.com.ar/sucesion-con-testamento-cordoba/,olografo,0,1,0,1,2026-08-25,2026-09-21
https://sucesionescordoba.com.ar/sucesion-con-testamento-cordoba/,testamentos,0,1,0,5,2026-08-25,2026-09-21
https://sucesionescordoba.com.ar/sucesion-cordoba-desde-otra-provincia/,cordoba,0,2,0,9,2026-08-25,2026-09-21
https://sucesionescordoba.com.ar/sucesion-cordoba-desde-otra-provincia/,córdoba,0,1,0,3,2026-08-25,2026-09-21
https://sucesionescordoba.com.ar/sucesion-cordoba-desde-otra-provincia/,es en córdoba capital,0,1,0,6,2026-08-25,2026-09-21
https://sucesionescordoba.com.ar/sucesion-cordoba-desde-otra-provincia/,es en la provincia de cordoba,0,1,0,12,2026-08-25,2026-09-21
https://sucesionescordoba.com.ar/sucesion-cordoba-desde-otra-provincia/,los cocos cordoba,0,1,0,8,2026-08-25,2026-09-21
https://sucesionescordoba.com.ar/sucesion-cordoba-desde-otra-provincia/,no lo se,0,1,0,7,2026-08-25,2026-09-21
https://sucesionescordoba.com.ar/sucesiones-cordoba/,acta de sucesion,0,1,0,7,2026-08-25,2026-09-21
https://sucesionescordoba.com.ar/sucesiones-cordoba/,cordoba,0,9,0,4.222222222222222,2026-08-25,2026-09-21
https://sucesionescordoba.com.ar/sucesiones-cordoba/,cordoba capital,0,2,0,7,2026-08-25,2026-09-21
https://sucesionescordoba.com.ar/sucesiones-cordoba/,cuanto demora?,0,1,0,5,2026-08-25,2026-09-21
https://sucesionescordoba.com.ar/sucesiones-cordoba/,cuanto sale una declaratoria de herederos en cordoba,0,3,0,11,2026-08-25,2026-09-21
https://sucesionescordoba.com.ar/sucesiones-cordoba/,cuanto sale una declaratoria de herederos en córdoba,0,1,0,12,2026-08-25,2026-09-21
https://sucesionescordoba.com.ar/sucesiones-cordoba/,cuanto suele demorar,0,1,0,2,2026-08-25,2026-09-21
https://sucesionescordoba.com.ar/sucesiones-cordoba/,córdoba,0,2,0,3.5,2026-08-25,2026-09-21
https://sucesionescordoba.com.ar/sucesiones-cordoba/,córdoba capital,0,2,0,2.5,2026-08-25,2026-09-21
https://sucesionescordoba.com.ar/sucesiones-cordoba/,declaracion de herederos sin testamento en cordoba,0,1,0,11,2026-08-25,2026-09-21
https://sucesionescordoba.com.ar/sucesiones-cordoba/,declaratoria de herederos cordoba,0,2,0,20.5,2026-08-25,2026-09-21
https://sucesionescordoba.com.ar/sucesiones-cordoba/,dónde tramitar una sucesión,0,1,0,17,2026-08-25,2026-09-21
https://sucesionescordoba.com.ar/sucesiones-cordoba/,en cordoba argentina?,0,1,0,6,2026-08-25,2026-09-21
https://sucesionescordoba.com.ar/sucesiones-cordoba/,en córdoba,0,1,0,2,2026-08-25,2026-09-21
https://sucesionescordoba.com.ar/sucesiones-cordoba/,es en córdoba capital,0,1,0,7,2026-08-25,2026-09-21
https://sucesionescordoba.com.ar/sucesiones-cordoba/,estas seguro??,0,1,0,1,2026-08-25,2026-09-21
https://sucesionescordoba.com.ar/sucesiones-cordoba/,oficina de procesos sucesorios,0,2,0,7,2026-08-25,2026-09-21
https://sucesionescordoba.com.ar/sucesiones-cordoba/,oficina de procesos sucesorios cordoba,0,17,0,8.647058823529413,2026-08-25,2026-09-21
https://sucesionescordoba.com.ar/sucesiones-cordoba/,ops cordoba,0,1,0,10,2026-08-25,2026-09-21
https://sucesionescordoba.com.ar/sucesiones-cordoba/,suceciones,0,1,0,9,2026-08-25,2026-09-21
https://sucesionescordoba.com.ar/sucesiones-cordoba/,sucesion,0,8,0,7.125,2026-08-25,2026-09-21
https://sucesionescordoba.com.ar/sucesiones-cordoba/,sucesiones,0,22,0,7.363636363636363,2026-08-25,2026-09-21
https://sucesionescordoba.com.ar/sucesiones-cordoba/,suseciones,0,1,0,9,2026-08-25,2026-09-21
https://sucesionescordoba.com.ar/sucesiones-cordoba/,tracto abreviado cordoba,0,1,0,17,2026-08-25,2026-09-21
https://sucesionescordoba.com.ar/sucesiones-cordoba/,tramites de herencia,0,1,0,4,2026-08-25,2026-09-21
https://sucesionescordoba.com.ar/sucesiones-cordoba/,trámite de sucesión,0,1,0,4,2026-08-25,2026-09-21
https://sucesionescordoba.com.ar/sucesiones-cordoba/#c%C3%B3rdoba-capital-vs-interior-qu%C3%A9-cambia-en-la-pr%C3%A1ctica,oficina de procesos sucesorios cordoba,0,9,0,11,2026-08-25,2026-09-21
https://sucesionescordoba.com.ar/sucesiones-cordoba/#costos-orientativos-y-de-qu%C3%A9-dependen,oficina de procesos sucesorios cordoba,0,4,0,11.25,2026-08-25,2026-09-21
https://sucesionescordoba.com.ar/sucesiones-cordoba/#errores-comunes-y-c%C3%B3mo-evitarlos,oficina de procesos sucesorios cordoba,0,4,0,11.25,2026-08-25,2026-09-21
https://sucesionescordoba.com.ar/sucesiones-cordoba/#panorama-general,oficina de procesos sucesorios cordoba,0,9,0,11,2026-08-25,2026-09-21
https://sucesionescordoba.com.ar/sucesiones-cordoba/#paso-a-paso-en-c%C3%B3rdoba-orientativo,oficina de procesos sucesorios cordoba,0,9,0,11,2026-08-25,2026-09-21
https://sucesionescordoba.com.ar/sucesiones-cordoba/#qu%C3%A9-es-una-sucesi%C3%B3n-y-cu%C3%A1ndo-hace-falta,oficina de procesos sucesorios cordoba,0,4,0,11.25,2026-08-25,2026-09-21
https://sucesionescordoba.com.ar/sucesiones-cordoba/#tiempos-orientativos-y-variables,oficina de procesos sucesorios cordoba,0,4,0,11.25,2026-08-25,2026-09-21
https://sucesionescordoba.com.ar/tracto-abreviado-cordoba/,cordoba,0,1,0,2,2026-08-25,2026-09-21
https://sucesionescordoba.com.ar/tracto-abreviado-cordoba/,cual es el valor de una escritura por tracto abreviado,0,1,0,32,2026-08-25,2026-09-21
https://sucesionescordoba.com.ar/tracto-abreviado-cordoba/,cuanto sale un tracto abreviado,0,2,0,9,2026-08-25,2026-09-21
https://sucesionescordoba.com.ar/tracto-abreviado-cordoba/,cuanto tarda un tracto abreviado,0,3,0,35,2026-08-25,2026-09-21
https://sucesionescordoba.com.ar/tracto-abreviado-cordoba/,declaratoria de herederos tracto abreviado,0,1,0,10,2026-08-25,2026-09-21
https://sucesionescordoba.com.ar/tracto-abreviado-cordoba/,donacion por tracto abreviado,0,1,0,43,2026-08-25,2026-09-21
https://sucesionescordoba.com.ar/tracto-abreviado-cordoba/,el tracto abreviado tiene vencimiento,0,1,0,10,2026-08-25,2026-09-21
https://sucesionescordoba.com.ar/tracto-abreviado-cordoba/,en córdoba argentina,0,1,0,4,2026-08-25,2026-09-21
https://sucesionescordoba.com.ar/tracto-abreviado-cordoba/,escritura por tracto abreviado,0,1,0,40,2026-08-25,2026-09-21
https://sucesionescordoba.com.ar/tracto-abreviado-cordoba/,ley 17.801 tracto abreviado,0,2,0,9.5,2026-08-25,2026-09-21
https://sucesionescordoba.com.ar/tracto-abreviado-cordoba/,modelo tracto abreviado,0,1,0,21,2026-08-25,2026-09-21
https://sucesionescordoba.com.ar/tracto-abreviado-cordoba/,que es el tracto abreviado,0,2,0,8,2026-08-25,2026-09-21
https://sucesionescordoba.com.ar/tracto-abreviado-cordoba/,que es el tracto abreviado en una sucesion,0,4,0,10.25,2026-08-25,2026-09-21
https://sucesionescordoba.com.ar/tracto-abreviado-cordoba/,que es tracto abreviado,0,2,0,18,2026-08-25,2026-09-21
https://sucesionescordoba.com.ar/tracto-abreviado-cordoba/,que es un tracto,0,2,0,8,2026-08-25,2026-09-21
https://sucesionescordoba.com.ar/tracto-abreviado-cordoba/,que es un tracto abreviado en argentina,0,3,0,6.666666666666667,2026-08-25,2026-09-21
https://sucesionescordoba.com.ar/tracto-abreviado-cordoba/,que significa tracto abreviado,0,2,0,8,2026-08-25,2026-09-21
https://sucesionescordoba.com.ar/tracto-abreviado-cordoba/,quien paga el tracto abreviado,0,16,0,6.75,2026-08-25,2026-09-21
https://sucesionescordoba.com.ar/tracto-abreviado-cordoba/,qué es un tracto abreviado en una sucesión,0,2,0,11,2026-08-25,2026-09-21
https://sucesionescordoba.com.ar/tracto-abreviado-cordoba/,sucesion de tracto abreviado,0,1,0,29,2026-08-25,2026-09-21
https://sucesionescordoba.com.ar/tracto-abreviado-cordoba/,tracto abreviado,0,11,0,18.90909090909091,2026-08-25,2026-09-21
https://sucesionescordoba.com.ar/tracto-abreviado-cordoba/,tracto abreviado automotor,0,1,0,30,2026-08-25,2026-09-21
https://sucesionescordoba.com.ar/tracto-abreviado-cordoba/,tracto abreviado cordoba,0,11,0,2.2727272727272725,2026-08-25,2026-09-21
https://sucesionescordoba.com.ar/tracto-abreviado-cordoba/,tracto abreviado costo,0,4,0,6,2026-08-25,2026-09-21
https://sucesionescordoba.com.ar/tracto-abreviado-cordoba/,tracto abreviado costo 2026,0,3,0,7,2026-08-25,2026-09-21
https://sucesionescordoba.com.ar/tracto-abreviado-cordoba/,tracto abreviado en sucesion,0,1,0,24,2026-08-25,2026-09-21
https://sucesionescordoba.com.ar/tracto-abreviado-cordoba/,tracto abreviado inmueble,0,2,0,36.5,2026-08-25,2026-09-21
https://sucesionescordoba.com.ar/tracto-abreviado-cordoba/,tracto abreviado modelo escrito,0,1,0,29,2026-08-25,2026-09-21
https://sucesionescordoba.com.ar/tracto-abreviado-cordoba/,tracto abreviado que significa,0,2,0,24,2026-08-25,2026-09-21
https://sucesionescordoba.com.ar/tracto-abreviado-cordoba/,tracto abreviado quien lo paga,0,2,0,4,2026-08-25,2026-09-21
https://sucesionescordoba.com.ar/tracto-abreviado-cordoba/,tracto abreviado requisitos,0,3,0,13,2026-08-25,2026-09-21
https://sucesionescordoba.com.ar/tracto-abreviado-cordoba/,tracto abreviado significado,0,8,0,12,2026-08-25,2026-09-21
https://sucesionescordoba.com.ar/tracto-abreviado-cordoba/,tracto registral,0,1,0,10,2026-08-25,2026-09-21
https://sucesionescordoba.com.ar/tracto-abreviado-cordoba/,tracto significado,0,1,0,1,2026-08-25,2026-09-21
https://sucesionescordoba.com.ar/tracto-abreviado-cordoba/,tracto sucesivo abreviado,0,1,0,6,2026-08-25,2026-09-21
https://sucesionescordoba.com.ar/tracto-abreviado-cordoba/,tracto sucesorio,0,2,0,9,2026-08-25,2026-09-21
https://sucesionescordoba.com.ar/tracto-abreviado-cordoba/,venta por tracto,0,2,0,6,2026-08-25,2026-09-21
https://sucesionescordoba.com.ar/tracto-abreviado-cordoba/,venta por tracto abreviado,0,1,0,11,2026-08-25,2026-09-21
https://sucesionescordoba.com.ar/tracto-abreviado-cordoba/,venta tracto abreviado,0,1,0,31,2026-08-25,2026-09-21
https://sucesionescordoba.com.ar/tracto-abreviado-cordoba/,ya esta hecha,0,1,0,2,2026-08-25,2026-09-21
https://sucesionescordoba.com.ar/vender-inmueble-heredado-cordoba/,requisitos para vender una casa en sucesión,0,1,0,5,2026-08-25,2026-09-21
https://sucesionescordoba.com.ar/vender-inmueble-heredado-cordoba/,se puede vender una casa,0,1,0,5,2026-08-25,2026-09-21
https://sucesionescordoba.com.ar/vender-inmueble-heredado-cordoba/,terrenos,0,1,0,2,2026-08-25,2026-09-21
https://sucesionescordoba.com.ar/vender-inmueble-heredado-cordoba/,venta de una casa heredada,0,1,0,15,2026-08-25,2026-09-21
